repo,pr_number,category,pr_url,commit,commit_url,initial_flag,refactoring_type,refactoring_detail,confirmed_refactoring_flag,covered_refactoring_flag,floss_refactoring_flag,direct_review_comment_flag,discussion_flag,notes
apache/kafka,6565,refactoring-inducing PR,https://github.com/apache/kafka/pull/6565,b676938a48a662696ab1a10db0bc2b059db0880b,https://github.com/apache/kafka/commit/b676938a48a662696ab1a10db0bc2b059db0880b,True,Extract Variable,"inputRecordTimestamp : long in method public process(key K, value V1) : void from class org.apache.kafka.streams.kstream.internals.KStreamKStreamJoin.KStreamKStreamJoinProcessor",,,,,,Corrective changes.
apache/kafka,6565,refactoring-inducing PR,https://github.com/apache/kafka/pull/6565,b676938a48a662696ab1a10db0bc2b059db0880b,https://github.com/apache/kafka/commit/b676938a48a662696ab1a10db0bc2b059db0880b,True,Extract Method,"private testUpperWindowBound(expectedKeys int[], driver TopologyTestDriver, processor MockProcessor<Integer,String>) : void extracted from public testWindowing() : void in class org.apache.kafka.streams.kstream.internals.KStreamKStreamLeftJoinTest",,,,,,
apache/kafka,6565,refactoring-inducing PR,https://github.com/apache/kafka/pull/6565,b676938a48a662696ab1a10db0bc2b059db0880b,https://github.com/apache/kafka/commit/b676938a48a662696ab1a10db0bc2b059db0880b,True,Extract Method,"private testLowerWindowBound(expectedKeys int[], driver TopologyTestDriver, processor MockProcessor<Integer,String>) : void extracted from public testWindowing() : void in class org.apache.kafka.streams.kstream.internals.KStreamKStreamLeftJoinTest",,,,,,
apache/kafka,6565,refactoring-inducing PR,https://github.com/apache/kafka/pull/6565,99988da93bfdb13aaed4a0391620e29f0d2c3e3d,https://github.com/apache/kafka/commit/99988da93bfdb13aaed4a0391620e29f0d2c3e3d,False,Rename Parameter,"expectedKeys : int[] to expectedKeys : int[] in method private testUpperWindowBound(expectedKeys int[], driver TopologyTestDriver, processor MockProcessor<Integer,String>) : void in class org.apache.kafka.streams.kstream.internals.KStreamKStreamLeftJoinTest",false,false,false,false,false,This is a false positive. The parameter was not actually renamed (expectedKeys to expectedKeys)
apache/incubator-pinot,479,refactoring-inducing PR,https://github.com/apache/incubator-pinot/pull/479,8c64060428435c6066ec935ee56af6cafcc64c5d,https://github.com/apache/incubator-pinot/commit/8c64060428435c6066ec935ee56af6cafcc64c5d,True,,,,,,,,Adaptive changes (adding a new test) 
apache/incubator-pinot,479,refactoring-inducing PR,https://github.com/apache/incubator-pinot/pull/479,1cc4d03dec01dad07e613daae5d8cb284db58673,https://github.com/apache/incubator-pinot/commit/1cc4d03dec01dad07e613daae5d8cb284db58673,True,,,,,,, ,A review comment concerning code logic (suggesting assertion instead of a method call) was ignored by PR’s author
apache/incubator-pinot,479,refactoring-inducing PR,https://github.com/apache/incubator-pinot/pull/479,5912a707f2bae50fed231f56f9628e1a9aefd552,https://github.com/apache/incubator-pinot/commit/5912a707f2bae50fed231f56f9628e1a9aefd552,False,Extract Variable,"key : TopicAndPartition in method public errorCode(topic String, partition int) : short from class com.linkedin.pinot.core.realtime.kafka.SimpleConsumerWrapperTest.MockKafkaSimpleConsumerFactory.MockFetchResponse",true,false,false,false,false,Refactoring led by the author. 
apache/brooklyn-server,1049,refactoring-inducing PR,https://github.com/apache/brooklyn-server/pull/1049,8c55a3de3c36587e36347482e8170526f6a5f4b3,https://github.com/apache/brooklyn-server/commit/8c55a3de3c36587e36347482e8170526f6a5f4b3,True,,,,,,,,Corrective changes (fixing faults)
apache/brooklyn-server,1049,refactoring-inducing PR,https://github.com/apache/brooklyn-server/pull/1049,164c8edeacab3dbbaaceb85fcad60a1037dd4a16,https://github.com/apache/brooklyn-server/commit/164c8edeacab3dbbaaceb85fcad60a1037dd4a16,True,,,,,,,,
apache/brooklyn-server,1049,refactoring-inducing PR,https://github.com/apache/brooklyn-server/pull/1049,d8fceab5792ab0f3586484a07ac3eeada10348e8,https://github.com/apache/brooklyn-server/commit/d8fceab5792ab0f3586484a07ac3eeada10348e8,False,Split Attribute,"retryCount : int to [count : int, MAX : int] in class org.apache.brooklyn.test.support.FlakyRetryAnalyser",true,true,false,false,false,A review comment directly suggest such a refactoring due to code conventions.
apache/samza,1051,refactoring-inducing PR,https://github.com/apache/samza/pull/1051,85157d8e85b7b1368c359027fc34bcf558e15731,https://github.com/apache/samza/commit/85157d8e85b7b1368c359027fc34bcf558e15731,True,Move And Rename Class,org.apache.samza.test.table.TestCouchbaseRemoteTableEndToEnd.DummyReadFunction moved and renamed to org.apache.samza.table.remote.DummyTableReadFunction,,,,,,Adaptive changes (adding a new feature) 
apache/samza,1051,refactoring-inducing PR,https://github.com/apache/samza/pull/1051,85157d8e85b7b1368c359027fc34bcf558e15731,https://github.com/apache/samza/commit/85157d8e85b7b1368c359027fc34bcf558e15731,True,Change Variable Type,"tableConfig : Map<String,String> to tableConfig : Map in method public testMinimal() : void in class org.apache.samza.storage.kv.inmemory.TestInMemoryTableDescriptor",,,,,,
apache/samza,1051,refactoring-inducing PR,https://github.com/apache/samza/pull/1051,85157d8e85b7b1368c359027fc34bcf558e15731,https://github.com/apache/samza/commit/85157d8e85b7b1368c359027fc34bcf558e15731,True,Change Variable Type,"tableConfig : Map<String,String> to tableConfig : Map in method public testTableProviderFactoryConfig() : void in class org.apache.samza.storage.kv.inmemory.TestInMemoryTableDescriptor",,,,,,
apache/samza,1051,refactoring-inducing PR,https://github.com/apache/samza/pull/1051,85157d8e85b7b1368c359027fc34bcf558e15731,https://github.com/apache/samza/commit/85157d8e85b7b1368c359027fc34bcf558e15731,True,Change Parameter Type,"kvStore : KeyValueStore to kvStore : KeyValueStore<K,V> in method public LocalTable(tableId String, kvStore KeyValueStore<K,V>) in class org.apache.samza.storage.kv.LocalTable",,,,,,
apache/samza,1051,refactoring-inducing PR,https://github.com/apache/samza/pull/1051,85157d8e85b7b1368c359027fc34bcf558e15731,https://github.com/apache/samza/commit/85157d8e85b7b1368c359027fc34bcf558e15731,True,Change Parameter Type,"config : Map<String,String> to config : Map in method private assertEquals(expectedValue String, key String, tableId String, config Map) : void in class org.apache.samza.table.TestBaseTableDescriptor",,,,,,
apache/samza,1051,refactoring-inducing PR,https://github.com/apache/samza/pull/1051,85157d8e85b7b1368c359027fc34bcf558e15731,https://github.com/apache/samza/commit/85157d8e85b7b1368c359027fc34bcf558e15731,True,Change Parameter Type,"config : Map<String,String> to config : Map in method private assertEquals(expectedValue String, key String, config Map) : void in class org.apache.samza.storage.kv.descriptors.TestRocksDbTableDescriptor",,,,,,
apache/samza,1051,refactoring-inducing PR,https://github.com/apache/samza/pull/1051,85157d8e85b7b1368c359027fc34bcf558e15731,https://github.com/apache/samza/commit/85157d8e85b7b1368c359027fc34bcf558e15731,True,Change Variable Type,"tableConfig : Map<String,String> to tableConfig : Map in method public testMinimal() : void in class org.apache.samza.storage.kv.descriptors.TestRocksDbTableDescriptor",,,,,,
apache/samza,1051,refactoring-inducing PR,https://github.com/apache/samza/pull/1051,85157d8e85b7b1368c359027fc34bcf558e15731,https://github.com/apache/samza/commit/85157d8e85b7b1368c359027fc34bcf558e15731,True,Change Variable Type,"tableConfig : Map<String,String> to tableConfig : Map in method public testTableProviderFactoryConfig() : void in class org.apache.samza.storage.kv.descriptors.TestRocksDbTableDescriptor",,,,,,
apache/samza,1051,refactoring-inducing PR,https://github.com/apache/samza/pull/1051,85157d8e85b7b1368c359027fc34bcf558e15731,https://github.com/apache/samza/commit/85157d8e85b7b1368c359027fc34bcf558e15731,True,Change Variable Type,"tableConfig : Map<String,String> to tableConfig : Map in method public testRocksDbConfig() : void in class org.apache.samza.storage.kv.descriptors.TestRocksDbTableDescriptor",,,,,,
apache/samza,1051,refactoring-inducing PR,https://github.com/apache/samza/pull/1051,0fcadfd3b67b27ba655aad7cd5a19fb66c369ea6,https://github.com/apache/samza/commit/0fcadfd3b67b27ba655aad7cd5a19fb66c369ea6,False,Rename Class,org.apache.samza.table.remote.DummyTableReadFunction renamed to org.apache.samza.table.remote.NoOpTableReadFunction,true,true,false,true,false,A review comment directly suggested such a refactoring.
apache/beam,4407,refactoring-inducing PR,https://github.com/apache/beam/pull/4407,87526161f9acccaeec649df5ab5ff1b7552b5b5c,https://github.com/apache/beam/commit/87526161f9acccaeec649df5ab5ff1b7552b5b5c,True,,,,,,,,Corrective changes (fixing faults)
apache/beam,4407,refactoring-inducing PR,https://github.com/apache/beam/pull/4407,c637ed7764b16ee79b6c656b31d9d2452e411582,https://github.com/apache/beam/commit/c637ed7764b16ee79b6c656b31d9d2452e411582,False,Extract Variable,fakeClockAndSleeper : FastNanoClockAndSleeper in method public testIOExceptionHandlerIsInvokedOnTimeout() : void from class org.apache.beam.sdk.util.RetryHttpRequestInitializerTest,true,true,false,true,false,A review comment on using a single instance for two arguments induced the refactoring edit
apache/kafka,5784,refactoring-inducing PR,https://github.com/apache/kafka/pull/5784,97d09cc38788eda102eb0379f55e34c6a1d6d4ef,https://github.com/apache/kafka/commit/97d09cc38788eda102eb0379f55e34c6a1d6d4ef,True,Change Variable Type,"assignments : Map<String,NewPartitions> to assignments : Map<String,PartitionDetails> in method private createCreatePartitionsRequest() : CreatePartitionsRequest in class org.apache.kafka.common.requests.RequestResponseTest",,,,,,Corrective changes (fixing faults)
apache/kafka,5784,refactoring-inducing PR,https://github.com/apache/kafka/pull/5784,97d09cc38788eda102eb0379f55e34c6a1d6d4ef,https://github.com/apache/kafka/commit/97d09cc38788eda102eb0379f55e34c6a1d6d4ef,True,Change Variable Type,"assignments : Map<String,NewPartitions> to assignments : Map<String,PartitionDetails> in method private createCreatePartitionsRequestWithAssignments() : CreatePartitionsRequest in class org.apache.kafka.common.requests.RequestResponseTest",,,,,,
apache/kafka,5784,refactoring-inducing PR,https://github.com/apache/kafka/pull/5784,97d09cc38788eda102eb0379f55e34c6a1d6d4ef,https://github.com/apache/kafka/commit/97d09cc38788eda102eb0379f55e34c6a1d6d4ef,True,Change Return Type,"Map<String,NewPartitions> to Map<String,PartitionDetails> in method public newPartitions() : Map<String,PartitionDetails> in class org.apache.kafka.common.requests.CreatePartitionsRequest",,,,,,
apache/kafka,5784,refactoring-inducing PR,https://github.com/apache/kafka/pull/5784,97d09cc38788eda102eb0379f55e34c6a1d6d4ef,https://github.com/apache/kafka/commit/97d09cc38788eda102eb0379f55e34c6a1d6d4ef,True,Change Attribute Type,"newPartitions : Map<String,NewPartitions> to newPartitions : Map<String,PartitionDetails> in class org.apache.kafka.common.requests.CreatePartitionsRequest",,,,,,
apache/kafka,5784,refactoring-inducing PR,https://github.com/apache/kafka/pull/5784,97d09cc38788eda102eb0379f55e34c6a1d6d4ef,https://github.com/apache/kafka/commit/97d09cc38788eda102eb0379f55e34c6a1d6d4ef,True,Change Parameter Type,"newPartitions : Map<String,NewPartitions> to newPartitions : Map<String,PartitionDetails> in method package CreatePartitionsRequest(newPartitions Map<String,PartitionDetails>, timeout int, validateOnly boolean, apiVersion short) in class org.apache.kafka.common.requests.CreatePartitionsRequest",,,,,,
apache/kafka,5784,refactoring-inducing PR,https://github.com/apache/kafka/pull/5784,97d09cc38788eda102eb0379f55e34c6a1d6d4ef,https://github.com/apache/kafka/commit/97d09cc38788eda102eb0379f55e34c6a1d6d4ef,True,Change Variable Type,"counts : Map<String,NewPartitions> to counts : Map<String,PartitionDetails> in method public CreatePartitionsRequest(struct Struct, apiVersion short) in class org.apache.kafka.common.requests.CreatePartitionsRequest",,,,,,
apache/kafka,5784,refactoring-inducing PR,https://github.com/apache/kafka/pull/5784,97d09cc38788eda102eb0379f55e34c6a1d6d4ef,https://github.com/apache/kafka/commit/97d09cc38788eda102eb0379f55e34c6a1d6d4ef,True,Change Variable Type,"newPartition : NewPartitions to newPartition : PartitionDetails in method public CreatePartitionsRequest(struct Struct, apiVersion short) in class org.apache.kafka.common.requests.CreatePartitionsRequest",,,,,,
apache/kafka,5784,refactoring-inducing PR,https://github.com/apache/kafka/pull/5784,97d09cc38788eda102eb0379f55e34c6a1d6d4ef,https://github.com/apache/kafka/commit/97d09cc38788eda102eb0379f55e34c6a1d6d4ef,True,Change Variable Type,"dupe : NewPartitions to dupe : PartitionDetails in method public CreatePartitionsRequest(struct Struct, apiVersion short) in class org.apache.kafka.common.requests.CreatePartitionsRequest",,,,,,
apache/kafka,5784,refactoring-inducing PR,https://github.com/apache/kafka/pull/5784,97d09cc38788eda102eb0379f55e34c6a1d6d4ef,https://github.com/apache/kafka/commit/97d09cc38788eda102eb0379f55e34c6a1d6d4ef,True,Change Variable Type,count : NewPartitions to partitionDetails : PartitionDetails in method protected toStruct() : Struct in class org.apache.kafka.common.requests.CreatePartitionsRequest,,,,,,
apache/kafka,5784,refactoring-inducing PR,https://github.com/apache/kafka/pull/5784,97d09cc38788eda102eb0379f55e34c6a1d6d4ef,https://github.com/apache/kafka/commit/97d09cc38788eda102eb0379f55e34c6a1d6d4ef,True,Rename Variable,count : NewPartitions to partitionDetails : PartitionDetails in method protected toStruct() : Struct in class org.apache.kafka.common.requests.CreatePartitionsRequest,,,,,,
apache/kafka,5784,refactoring-inducing PR,https://github.com/apache/kafka/pull/5784,97d09cc38788eda102eb0379f55e34c6a1d6d4ef,https://github.com/apache/kafka/commit/97d09cc38788eda102eb0379f55e34c6a1d6d4ef,True,Change Variable Type,"topicPartitionCount : Map.Entry<String,NewPartitions> to topicPartitionCount : Map.Entry<String,PartitionDetails> in method protected toStruct() : Struct in class org.apache.kafka.common.requests.CreatePartitionsRequest",,,,,,
apache/kafka,5784,refactoring-inducing PR,https://github.com/apache/kafka/pull/5784,97d09cc38788eda102eb0379f55e34c6a1d6d4ef,https://github.com/apache/kafka/commit/97d09cc38788eda102eb0379f55e34c6a1d6d4ef,True,Change Attribute Type,"newPartitions : Map<String,NewPartitions> to newPartitions : Map<String,PartitionDetails> in class org.apache.kafka.common.requests.CreatePartitionsRequest.Builder",,,,,,
apache/kafka,5784,refactoring-inducing PR,https://github.com/apache/kafka/pull/5784,97d09cc38788eda102eb0379f55e34c6a1d6d4ef,https://github.com/apache/kafka/commit/97d09cc38788eda102eb0379f55e34c6a1d6d4ef,True,Change Parameter Type,"newPartitions : Map<String,NewPartitions> to newPartitions : Map<String,PartitionDetails> in method public Builder(newPartitions Map<String,PartitionDetails>, timeout int, validateOnly boolean) in class org.apache.kafka.common.requests.CreatePartitionsRequest.Builder",,,,,,
apache/kafka,5784,refactoring-inducing PR,https://github.com/apache/kafka/pull/5784,f1dad89491f3ad473ba9efd4a1ab3b9ee487542c,https://github.com/apache/kafka/commit/f1dad89491f3ad473ba9efd4a1ab3b9ee487542c,False,Rename Method,public assignments() : List<List<Integer>> renamed to public newAssignments() : List<List<Integer>> in class org.apache.kafka.common.requests.CreatePartitionsRequest.PartitionDetails,true,true,false,false,false,A review comment inspired the refactoring edit (PR’s author changed the method’s name to deal with the reviewer’s comment)
apache/servicecomb-java-chassis,346,refactoring-inducing PR,https://github.com/apache/servicecomb-java-chassis/pull/346,bad5fe84f54f04ef1670c7b50f44bd8ca5cd2826,https://github.com/apache/servicecomb-java-chassis/commit/bad5fe84f54f04ef1670c7b50f44bd8ca5cd2826,True,,,,,,,,Adaptive changes (adding a new feature) 
apache/servicecomb-java-chassis,346,refactoring-inducing PR,https://github.com/apache/servicecomb-java-chassis/pull/346,33e793d7eec17b178130c9374be4771b6bd73f5c,https://github.com/apache/servicecomb-java-chassis/commit/33e793d7eec17b178130c9374be4771b6bd73f5c,False,Extract Method,private triggerAfterRegistryEvent() : void extracted from public onApplicationEvent(event ApplicationEvent) : void in class io.servicecomb.core.CseApplicationListener,true,true,false,true,false,A review comment directly led such a refactoring.
apache/tomee,275,refactoring-inducing PR,https://github.com/apache/tomee/pull/275,d9563f82ca7852995f31dacf04956d84120ac65c,https://github.com/apache/tomee/commit/d9563f82ca7852995f31dacf04956d84120ac65c,True,,,,,,,,Corrective changes (fixing faults) and perfective changes (update)
apache/tomee,275,refactoring-inducing PR,https://github.com/apache/tomee/pull/275,4c186420b2148854974e3c79ce563918e17b2454,https://github.com/apache/tomee/commit/4c186420b2148854974e3c79ce563918e17b2454,True,,,,,,,,
apache/tomee,275,refactoring-inducing PR,https://github.com/apache/tomee/pull/275,8966898c8533a08d6a330cbaf4f48c7e593993df,https://github.com/apache/tomee/commit/8966898c8533a08d6a330cbaf4f48c7e593993df,False,Change Variable Type,hasAtLeasOneValidRole : Boolean to hasAtLeasOneValidRole : boolean in method public filter(requestContext ContainerRequestContext) : void in class org.apache.tomee.microprofile.jwt.jaxrs.MPJWTSecurityAnnotationsInterceptor,true,true,false,true,false,A review comment directly suggested such a refactoring.
apache/kafka,5423,refactoring-inducing PR,https://github.com/apache/kafka/pull/5423,b6553a70c9f86b4422747cf6023d845cece0877d,https://github.com/apache/kafka/commit/b6553a70c9f86b4422747cf6023d845cece0877d,True,,,,,,,,Perfective changes (update)
apache/kafka,5423,refactoring-inducing PR,https://github.com/apache/kafka/pull/5423,56fc052c29d3f0b0bfd1f5b320d1fe6c79c499e8,https://github.com/apache/kafka/commit/56fc052c29d3f0b0bfd1f5b320d1fe6c79c499e8,False,Change Variable Type,"results : Map<Windowed<String>,Long> to results : Map<Windowed<String>,KeyValue<Long,Long>> in method public shouldCountSessionWindows() : void in class org.apache.kafka.streams.integration.KStreamAggregationIntegrationTest",true,false,false,false,false,Refactoring led by the author. 
apache/beam,4458,refactoring-inducing PR,https://github.com/apache/beam/pull/4458,b0ea39bb368454ca44f5d775042f01df5dacd740,https://github.com/apache/beam/commit/b0ea39bb368454ca44f5d775042f01df5dacd740,True,,,,,,,,Adaptive changes (adding a new feature) 
apache/beam,4458,refactoring-inducing PR,https://github.com/apache/beam/pull/4458,62693cbca70283b41f9446c102fad4a0f087fa7f,https://github.com/apache/beam/commit/62693cbca70283b41f9446c102fad4a0f087fa7f,False,Extract Attribute,private DEFAULT_BATCH_SIZE : long in class org.apache.beam.sdk.io.jdbc.JdbcIO,true,true,false,true,false,A review comment directly suggested such a refactoring.
apache/dubbo,3317,non-refactoring-inducing PR,https://github.com/apache/dubbo/pull/3317,7ff58f9b0e2aca57e95954778defdb18b705f650,https://github.com/apache/dubbo/commit/7ff58f9b0e2aca57e95954778defdb18b705f650,True,Extract And Move Method,"public joinMulticastGroup(multicastSocket MulticastSocket, multicastAddress InetAddress) : void extracted from public MulticastRegistry(url URL) in class org.apache.dubbo.registry.multicast.MulticastRegistry & moved to class org.apache.dubbo.common.utils.NetUtils",,,,,,Corrective changes (fixing faults)
apache/dubbo,3317,non-refactoring-inducing PR,https://github.com/apache/dubbo/pull/3317,18ce6c5e3ce8d6f227aab3f5e9d5b809d061c303,https://github.com/apache/dubbo/commit/18ce6c5e3ce8d6f227aab3f5e9d5b809d061c303,False,,,,,,,,
apache/kafka,5219,non-refactoring-inducing PR,https://github.com/apache/kafka/pull/5219,e1956f5e979938909abc65c82b10199b5abdcec7,https://github.com/apache/kafka/commit/e1956f5e979938909abc65c82b10199b5abdcec7,True,,,,,,,,Corrective changes (fixing faults)
apache/kafka,5219,non-refactoring-inducing PR,https://github.com/apache/kafka/pull/5219,90236b063e1ca51363d1223dac8c25b8744af39c,https://github.com/apache/kafka/commit/90236b063e1ca51363d1223dac8c25b8744af39c,True,,,,,,,,
apache/kafka,5219,non-refactoring-inducing PR,https://github.com/apache/kafka/pull/5219,b5c5fc37e9d374ecc80c70ba48c0c6e3b4066400,https://github.com/apache/kafka/commit/b5c5fc37e9d374ecc80c70ba48c0c6e3b4066400,True,,,,,,,,
apache/kafka,5219,non-refactoring-inducing PR,https://github.com/apache/kafka/pull/5219,0bbdb80c4dc87557ff5e52ca8624d15568f8ba41,https://github.com/apache/kafka/commit/0bbdb80c4dc87557ff5e52ca8624d15568f8ba41,True,,,,,,,,
apache/kafka,5219,non-refactoring-inducing PR,https://github.com/apache/kafka/pull/5219,1a349142cd6daf1dfeece02cc0553b1b7d82c2c8,https://github.com/apache/kafka/commit/1a349142cd6daf1dfeece02cc0553b1b7d82c2c8,True,,,,,,,,
apache/kafka,5219,non-refactoring-inducing PR,https://github.com/apache/kafka/pull/5219,cfb1fe4f0e5a76fe8e510d568ac1d8543217c725,https://github.com/apache/kafka/commit/cfb1fe4f0e5a76fe8e510d568ac1d8543217c725,True,,,,,,,,
apache/kafka,5219,non-refactoring-inducing PR,https://github.com/apache/kafka/pull/5219,ebe628b49febe4f386d24e41b885cd58c4611d23,https://github.com/apache/kafka/commit/ebe628b49febe4f386d24e41b885cd58c4611d23,False,,,,,,,,
apache/beam,5785,non-refactoring-inducing PR,https://github.com/apache/beam/pull/5785,de99e207479739c9b6cc3c5dff4ee401f709202e,https://github.com/apache/beam/commit/de99e207479739c9b6cc3c5dff4ee401f709202e,True,,,,,,,,Adaptive changes (adding a new feature) 
apache/beam,5785,non-refactoring-inducing PR,https://github.com/apache/beam/pull/5785,7b961b8280418b27732cace00e2fad94ffd8b355,https://github.com/apache/beam/commit/7b961b8280418b27732cace00e2fad94ffd8b355,False,,,,,,,true,
apache/tinkerpop,524,non-refactoring-inducing PR,https://github.com/apache/tinkerpop/pull/524,2ddc632494c96163f2a95e32ce73f03f38101262,https://github.com/apache/tinkerpop/commit/2ddc632494c96163f2a95e32ce73f03f38101262,True,,,,,,,,Corrective (fixing faults) and perfective (optimization) changes
apache/tinkerpop,524,non-refactoring-inducing PR,https://github.com/apache/tinkerpop/pull/524,f352b018f2c7d389abbf759e17fa1b094c14c63c,https://github.com/apache/tinkerpop/commit/f352b018f2c7d389abbf759e17fa1b094c14c63c,True,,,,,,,,
apache/tinkerpop,524,non-refactoring-inducing PR,https://github.com/apache/tinkerpop/pull/524,0db0991cc092e33091068f59f81c27feb9712379,https://github.com/apache/tinkerpop/commit/0db0991cc092e33091068f59f81c27feb9712379,True,,,,,,,,
apache/tinkerpop,524,non-refactoring-inducing PR,https://github.com/apache/tinkerpop/pull/524,056d7aedffa83f8d06462617670273857e2bea19,https://github.com/apache/tinkerpop/commit/056d7aedffa83f8d06462617670273857e2bea19,True,,,,,,,,
apache/tinkerpop,524,non-refactoring-inducing PR,https://github.com/apache/tinkerpop/pull/524,1ac003d00807c1351594d04a4bbdb55e93b00134,https://github.com/apache/tinkerpop/commit/1ac003d00807c1351594d04a4bbdb55e93b00134,True,Change Parameter Type,"worker : Consumer<VertexProgram> to worker : BiConsumer<VertexProgram,TinkerWorkerMemory> in method public executeVertexProgram(worker BiConsumer<VertexProgram,TinkerWorkerMemory>) : void in class org.apache.tinkerpop.gremlin.tinkergraph.process.computer.TinkerWorkerPool",,,,,,
apache/tinkerpop,524,non-refactoring-inducing PR,https://github.com/apache/tinkerpop/pull/524,8deca70680e8c89b31fea1cc99300740f45eec56,https://github.com/apache/tinkerpop/commit/8deca70680e8c89b31fea1cc99300740f45eec56,True,,,,,,,,
apache/tinkerpop,524,non-refactoring-inducing PR,https://github.com/apache/tinkerpop/pull/524,cef19796ffd2ad27074174ad7f90b9e1f24bc07e,https://github.com/apache/tinkerpop/commit/cef19796ffd2ad27074174ad7f90b9e1f24bc07e,True,,,,,,,,
apache/tinkerpop,524,non-refactoring-inducing PR,https://github.com/apache/tinkerpop/pull/524,8d961285f687107ffc5c1d8a3bca7c78ea833adf,https://github.com/apache/tinkerpop/commit/8d961285f687107ffc5c1d8a3bca7c78ea833adf,True,,,,,,,,
apache/tinkerpop,524,non-refactoring-inducing PR,https://github.com/apache/tinkerpop/pull/524,27a4b271c54f0ab06fc8c0ad0578e4433d6db536,https://github.com/apache/tinkerpop/commit/27a4b271c54f0ab06fc8c0ad0578e4433d6db536,True,,,,,,,,
apache/tinkerpop,524,non-refactoring-inducing PR,https://github.com/apache/tinkerpop/pull/524,3dd1f6e5e141d715e678c66acd0516806e625047,https://github.com/apache/tinkerpop/commit/3dd1f6e5e141d715e678c66acd0516806e625047,True,Change Parameter Type,"worker : BiConsumer<VertexProgram,TinkerWorkerMemory> to worker : TriConsumer<Iterator<Vertex>,VertexProgram,TinkerWorkerMemory> in method public executeVertexProgram(worker TriConsumer<Iterator<Vertex>,VertexProgram,TinkerWorkerMemory>) : void in class org.apache.tinkerpop.gremlin.tinkergraph.process.computer.TinkerWorkerPool",,,,,,
apache/tinkerpop,524,non-refactoring-inducing PR,https://github.com/apache/tinkerpop/pull/524,253248e52b334d3990f6364d45174abca00476cd,https://github.com/apache/tinkerpop/commit/253248e52b334d3990f6364d45174abca00476cd,True,,,,,,,,
apache/tinkerpop,524,non-refactoring-inducing PR,https://github.com/apache/tinkerpop/pull/524,64c80657bf9199d5b9f28f56b65f1ce327192bd1,https://github.com/apache/tinkerpop/commit/64c80657bf9199d5b9f28f56b65f1ce327192bd1,True,,,,,,,,
apache/tinkerpop,524,non-refactoring-inducing PR,https://github.com/apache/tinkerpop/pull/524,ba390748443c603009b5a59b6dc64882a4819770,https://github.com/apache/tinkerpop/commit/ba390748443c603009b5a59b6dc64882a4819770,True,,,,,,,,
apache/tinkerpop,524,non-refactoring-inducing PR,https://github.com/apache/tinkerpop/pull/524,e9258086441d013e9961d81473b275054d41d8cc,https://github.com/apache/tinkerpop/commit/e9258086441d013e9961d81473b275054d41d8cc,True,,,,,,,,
apache/tinkerpop,524,non-refactoring-inducing PR,https://github.com/apache/tinkerpop/pull/524,dc38b435341d587c4d3c89bbc4b5261148077b0a,https://github.com/apache/tinkerpop/commit/dc38b435341d587c4d3c89bbc4b5261148077b0a,True,,,,,,,,
apache/tinkerpop,524,non-refactoring-inducing PR,https://github.com/apache/tinkerpop/pull/524,3fd74fc23cb2f1e25d555be01abd4d979967f239,https://github.com/apache/tinkerpop/commit/3fd74fc23cb2f1e25d555be01abd4d979967f239,False,,,,,,,true,
apache/kafka,6818,non-refactoring-inducing PR,https://github.com/apache/kafka/pull/6818,1925ea7aa3ebc999f2e121ff5eb8b44446d8e910,https://github.com/apache/kafka/commit/1925ea7aa3ebc999f2e121ff5eb8b44446d8e910,True,,,,,,,,Corrective changes (fixing faults)
apache/kafka,6818,non-refactoring-inducing PR,https://github.com/apache/kafka/pull/6818,ff0a7002c7c5cc0f15f187f0c6cc308125e65e32,https://github.com/apache/kafka/commit/ff0a7002c7c5cc0f15f187f0c6cc308125e65e32,False,,,,,,,,
apache/beam,6050,non-refactoring-inducing PR,https://github.com/apache/beam/pull/6050,22a05b55c943bdb0f6558132deb10a1965605ae9,https://github.com/apache/beam/commit/22a05b55c943bdb0f6558132deb10a1965605ae9,True,Change Attribute Type,stageBundleFactory : StageBundleFactory<InputT> to stageBundleFactory : StageBundleFactory in class org.apache.beam.runners.flink.translation.functions.FlinkExecutableStageFunction,,,,,,Adaptive changes (adding a new feature) 
apache/beam,6050,non-refactoring-inducing PR,https://github.com/apache/beam/pull/6050,22a05b55c943bdb0f6558132deb10a1965605ae9,https://github.com/apache/beam/commit/22a05b55c943bdb0f6558132deb10a1965605ae9,True,Change Variable Type,"bundle : RemoteBundle<InputT> to bundle : RemoteBundle in method public mapPartition(iterable Iterable<WindowedValue<InputT>>, collector Collector<RawUnionValue>) : void in class org.apache.beam.runners.flink.translation.functions.FlinkExecutableStageFunction",,,,,,
apache/beam,6050,non-refactoring-inducing PR,https://github.com/apache/beam/pull/6050,22a05b55c943bdb0f6558132deb10a1965605ae9,https://github.com/apache/beam/commit/22a05b55c943bdb0f6558132deb10a1965605ae9,True,Change Return Type,"RemoteBundle<T> to RemoteBundle in method public getBundle(outputReceiverFactory OutputReceiverFactory, stateRequestHandler StateRequestHandler, progressHandler BundleProgressHandler) : RemoteBundle in class org.apache.beam.runners.fnexecution.control.StageBundleFactory",,,,,,
apache/beam,6050,non-refactoring-inducing PR,https://github.com/apache/beam/pull/6050,22a05b55c943bdb0f6558132deb10a1965605ae9,https://github.com/apache/beam/commit/22a05b55c943bdb0f6558132deb10a1965605ae9,True,Change Variable Type,bundle : RemoteBundle<Integer> to bundle : RemoteBundle in method public sdkErrorsSurfaceOnClose() : void in class org.apache.beam.runners.flink.streaming.ExecutableStageDoFnOperatorTest,,,,,,
apache/beam,6050,non-refactoring-inducing PR,https://github.com/apache/beam/pull/6050,22a05b55c943bdb0f6558132deb10a1965605ae9,https://github.com/apache/beam/commit/22a05b55c943bdb0f6558132deb10a1965605ae9,True,Change Variable Type,receiver : FnDataReceiver<WindowedValue<Integer>> to receiver : FnDataReceiver<WindowedValue<?>> in method public sdkErrorsSurfaceOnClose() : void in class org.apache.beam.runners.flink.streaming.ExecutableStageDoFnOperatorTest,,,,,,
apache/beam,6050,non-refactoring-inducing PR,https://github.com/apache/beam/pull/6050,22a05b55c943bdb0f6558132deb10a1965605ae9,https://github.com/apache/beam/commit/22a05b55c943bdb0f6558132deb10a1965605ae9,True,Change Variable Type,bundle : RemoteBundle<Integer> to bundle : RemoteBundle in method public expectedInputsAreSent() : void in class org.apache.beam.runners.flink.streaming.ExecutableStageDoFnOperatorTest,,,,,,
apache/beam,6050,non-refactoring-inducing PR,https://github.com/apache/beam/pull/6050,22a05b55c943bdb0f6558132deb10a1965605ae9,https://github.com/apache/beam/commit/22a05b55c943bdb0f6558132deb10a1965605ae9,True,Change Variable Type,receiver : FnDataReceiver<WindowedValue<Integer>> to receiver : FnDataReceiver<WindowedValue<?>> in method public expectedInputsAreSent() : void in class org.apache.beam.runners.flink.streaming.ExecutableStageDoFnOperatorTest,,,,,,
apache/beam,6050,non-refactoring-inducing PR,https://github.com/apache/beam/pull/6050,22a05b55c943bdb0f6558132deb10a1965605ae9,https://github.com/apache/beam/commit/22a05b55c943bdb0f6558132deb10a1965605ae9,True,Change Variable Type,stageBundleFactory : StageBundleFactory<Void> to stageBundleFactory : StageBundleFactory in method public outputsAreTaggedCorrectly() : void in class org.apache.beam.runners.flink.streaming.ExecutableStageDoFnOperatorTest,,,,,,
apache/beam,6050,non-refactoring-inducing PR,https://github.com/apache/beam/pull/6050,22a05b55c943bdb0f6558132deb10a1965605ae9,https://github.com/apache/beam/commit/22a05b55c943bdb0f6558132deb10a1965605ae9,True,Change Attribute Type,"bundle : RemoteBundle<KV<InputT,RestrictionT>> to bundle : RemoteBundle in class org.apache.beam.runners.direct.portable.SplittableRemoteStageEvaluatorFactory.SplittableRemoteStageEvaluator",,,,,,
apache/beam,6050,non-refactoring-inducing PR,https://github.com/apache/beam/pull/6050,22a05b55c943bdb0f6558132deb10a1965605ae9,https://github.com/apache/beam/commit/22a05b55c943bdb0f6558132deb10a1965605ae9,True,Change Attribute Type,bundle : RemoteBundle<T> to bundle : RemoteBundle in class org.apache.beam.runners.direct.portable.RemoteStageEvaluatorFactory.RemoteStageEvaluator,,,,,,
apache/beam,6050,non-refactoring-inducing PR,https://github.com/apache/beam/pull/6050,22a05b55c943bdb0f6558132deb10a1965605ae9,https://github.com/apache/beam/commit/22a05b55c943bdb0f6558132deb10a1965605ae9,True,Change Variable Type,stageFactory : StageBundleFactory<T> to stageFactory : StageBundleFactory in method private RemoteStageEvaluator(transform PTransformNode) in class org.apache.beam.runners.direct.portable.RemoteStageEvaluatorFactory.RemoteStageEvaluator,,,,,,
apache/beam,6050,non-refactoring-inducing PR,https://github.com/apache/beam/pull/6050,22a05b55c943bdb0f6558132deb10a1965605ae9,https://github.com/apache/beam/commit/22a05b55c943bdb0f6558132deb10a1965605ae9,True,Change Variable Type,bundle : RemoteBundle<InputT> to bundle : RemoteBundle in method private processElementWithSdkHarness(element WindowedValue<InputT>) : void in class org.apache.beam.runners.flink.translation.wrappers.streaming.ExecutableStageDoFnOperator,,,,,,
apache/beam,6050,non-refactoring-inducing PR,https://github.com/apache/beam/pull/6050,22a05b55c943bdb0f6558132deb10a1965605ae9,https://github.com/apache/beam/commit/22a05b55c943bdb0f6558132deb10a1965605ae9,True,Change Attribute Type,stageBundleFactory : StageBundleFactory<Integer> to stageBundleFactory : StageBundleFactory in class org.apache.beam.runners.flink.translation.functions.FlinkExecutableStageFunctionTest,,,,,,
apache/beam,6050,non-refactoring-inducing PR,https://github.com/apache/beam/pull/6050,22a05b55c943bdb0f6558132deb10a1965605ae9,https://github.com/apache/beam/commit/22a05b55c943bdb0f6558132deb10a1965605ae9,True,Change Variable Type,bundle : RemoteBundle<Integer> to bundle : RemoteBundle in method public sdkErrorsSurfaceOnClose() : void in class org.apache.beam.runners.flink.translation.functions.FlinkExecutableStageFunctionTest,,,,,,
apache/beam,6050,non-refactoring-inducing PR,https://github.com/apache/beam/pull/6050,22a05b55c943bdb0f6558132deb10a1965605ae9,https://github.com/apache/beam/commit/22a05b55c943bdb0f6558132deb10a1965605ae9,True,Change Variable Type,receiver : FnDataReceiver<WindowedValue<Integer>> to receiver : FnDataReceiver<WindowedValue<?>> in method public sdkErrorsSurfaceOnClose() : void in class org.apache.beam.runners.flink.translation.functions.FlinkExecutableStageFunctionTest,,,,,,
apache/beam,6050,non-refactoring-inducing PR,https://github.com/apache/beam/pull/6050,22a05b55c943bdb0f6558132deb10a1965605ae9,https://github.com/apache/beam/commit/22a05b55c943bdb0f6558132deb10a1965605ae9,True,Change Variable Type,bundle : RemoteBundle<Integer> to bundle : RemoteBundle in method public expectedInputsAreSent() : void in class org.apache.beam.runners.flink.translation.functions.FlinkExecutableStageFunctionTest,,,,,,
apache/beam,6050,non-refactoring-inducing PR,https://github.com/apache/beam/pull/6050,22a05b55c943bdb0f6558132deb10a1965605ae9,https://github.com/apache/beam/commit/22a05b55c943bdb0f6558132deb10a1965605ae9,True,Change Variable Type,receiver : FnDataReceiver<WindowedValue<Integer>> to receiver : FnDataReceiver<WindowedValue<?>> in method public expectedInputsAreSent() : void in class org.apache.beam.runners.flink.translation.functions.FlinkExecutableStageFunctionTest,,,,,,
apache/beam,6050,non-refactoring-inducing PR,https://github.com/apache/beam/pull/6050,22a05b55c943bdb0f6558132deb10a1965605ae9,https://github.com/apache/beam/commit/22a05b55c943bdb0f6558132deb10a1965605ae9,True,Change Variable Type,stageBundleFactory : StageBundleFactory<Integer> to stageBundleFactory : StageBundleFactory in method public outputsAreTaggedCorrectly() : void in class org.apache.beam.runners.flink.translation.functions.FlinkExecutableStageFunctionTest,,,,,,
apache/beam,6050,non-refactoring-inducing PR,https://github.com/apache/beam/pull/6050,22a05b55c943bdb0f6558132deb10a1965605ae9,https://github.com/apache/beam/commit/22a05b55c943bdb0f6558132deb10a1965605ae9,True,Change Return Type,StageBundleFactory<T> to StageBundleFactory in method public forStage(executableStage ExecutableStage) : StageBundleFactory in class org.apache.beam.runners.fnexecution.control.DockerJobBundleFactory,,,,,,
apache/beam,6050,non-refactoring-inducing PR,https://github.com/apache/beam/pull/6050,22a05b55c943bdb0f6558132deb10a1965605ae9,https://github.com/apache/beam/commit/22a05b55c943bdb0f6558132deb10a1965605ae9,True,Change Return Type,"SimpleStageBundleFactory<InputT> to SimpleStageBundleFactory in method package create(wrappedClient WrappedSdkHarnessClient, processBundleDescriptor ExecutableProcessBundleDescriptor) : SimpleStageBundleFactory in class org.apache.beam.runners.fnexecution.control.DockerJobBundleFactory.SimpleStageBundleFactory",,,,,,
apache/beam,6050,non-refactoring-inducing PR,https://github.com/apache/beam/pull/6050,22a05b55c943bdb0f6558132deb10a1965605ae9,https://github.com/apache/beam/commit/22a05b55c943bdb0f6558132deb10a1965605ae9,True,Change Return Type,"RemoteBundle<InputT> to RemoteBundle in method public getBundle(outputReceiverFactory OutputReceiverFactory, stateRequestHandler StateRequestHandler, progressHandler BundleProgressHandler) : RemoteBundle in class org.apache.beam.runners.fnexecution.control.DockerJobBundleFactory.SimpleStageBundleFactory",,,,,,
apache/beam,6050,non-refactoring-inducing PR,https://github.com/apache/beam/pull/6050,22a05b55c943bdb0f6558132deb10a1965605ae9,https://github.com/apache/beam/commit/22a05b55c943bdb0f6558132deb10a1965605ae9,True,Change Attribute Type,processor : BundleProcessor<InputT> to processor : BundleProcessor in class org.apache.beam.runners.fnexecution.control.DockerJobBundleFactory.SimpleStageBundleFactory,,,,,,
apache/beam,6050,non-refactoring-inducing PR,https://github.com/apache/beam/pull/6050,22a05b55c943bdb0f6558132deb10a1965605ae9,https://github.com/apache/beam/commit/22a05b55c943bdb0f6558132deb10a1965605ae9,True,Change Parameter Type,"processor : BundleProcessor<InputT> to processor : BundleProcessor in method package SimpleStageBundleFactory(processBundleDescriptor ExecutableProcessBundleDescriptor, processor BundleProcessor, wrappedClient WrappedSdkHarnessClient) in class org.apache.beam.runners.fnexecution.control.DockerJobBundleFactory.SimpleStageBundleFactory",,,,,,
apache/beam,6050,non-refactoring-inducing PR,https://github.com/apache/beam/pull/6050,22a05b55c943bdb0f6558132deb10a1965605ae9,https://github.com/apache/beam/commit/22a05b55c943bdb0f6558132deb10a1965605ae9,True,Change Variable Type,"processor : BundleProcessor<InputT> to processor : BundleProcessor in method package create(wrappedClient WrappedSdkHarnessClient, processBundleDescriptor ExecutableProcessBundleDescriptor) : SimpleStageBundleFactory in class org.apache.beam.runners.fnexecution.control.DockerJobBundleFactory.SimpleStageBundleFactory",,,,,,
apache/beam,6050,non-refactoring-inducing PR,https://github.com/apache/beam/pull/6050,22a05b55c943bdb0f6558132deb10a1965605ae9,https://github.com/apache/beam/commit/22a05b55c943bdb0f6558132deb10a1965605ae9,True,Change Return Type,StageBundleFactory<T> to StageBundleFactory in method public forStage(executableStage ExecutableStage) : StageBundleFactory in class org.apache.beam.runners.fnexecution.control.JobBundleFactory,,,,,,
apache/beam,6050,non-refactoring-inducing PR,https://github.com/apache/beam/pull/6050,22a05b55c943bdb0f6558132deb10a1965605ae9,https://github.com/apache/beam/commit/22a05b55c943bdb0f6558132deb10a1965605ae9,True,Inline Variable,"transformId : String in method public fromUserStateId(userStateId UserStateId, components RunnerApi.Components) : UserStateReference from class org.apache.beam.runners.core.construction.graph.UserStateReference",,,,,,
apache/beam,6050,non-refactoring-inducing PR,https://github.com/apache/beam/pull/6050,22a05b55c943bdb0f6558132deb10a1965605ae9,https://github.com/apache/beam/commit/22a05b55c943bdb0f6558132deb10a1965605ae9,True,Inline Variable,"localName : String in method public fromUserStateId(userStateId UserStateId, components RunnerApi.Components) : UserStateReference from class org.apache.beam.runners.core.construction.graph.UserStateReference",,,,,,
apache/beam,6050,non-refactoring-inducing PR,https://github.com/apache/beam/pull/6050,22a05b55c943bdb0f6558132deb10a1965605ae9,https://github.com/apache/beam/commit/22a05b55c943bdb0f6558132deb10a1965605ae9,True,Change Parameter Type,"inputDestination : RemoteInputDestination<WindowedValue<?>> to inputDestinations : Map<String,RemoteInputDestination<WindowedValue<?>>> in method public of(descriptor ProcessBundleDescriptor, inputDestinations Map<String,RemoteInputDestination<WindowedValue<?>>>, outputTargetCoders Map<BeamFnApi.Target,Coder<WindowedValue<?>>>, sideInputSpecs Map<String,Map<String,SideInputSpec>>, bagUserStateSpecs Map<String,Map<String,BagUserStateSpec>>, timerSpecs Map<String,Map<String,TimerSpec>>) : ExecutableProcessBundleDescriptor in class org.apache.beam.runners.fnexecution.control.ProcessBundleDescriptors.ExecutableProcessBundleDescriptor",,,,,,
apache/beam,6050,non-refactoring-inducing PR,https://github.com/apache/beam/pull/6050,22a05b55c943bdb0f6558132deb10a1965605ae9,https://github.com/apache/beam/commit/22a05b55c943bdb0f6558132deb10a1965605ae9,True,Rename Parameter,"inputDestination : RemoteInputDestination<WindowedValue<?>> to inputDestinations : Map<String,RemoteInputDestination<WindowedValue<?>>> in method public of(descriptor ProcessBundleDescriptor, inputDestinations Map<String,RemoteInputDestination<WindowedValue<?>>>, outputTargetCoders Map<BeamFnApi.Target,Coder<WindowedValue<?>>>, sideInputSpecs Map<String,Map<String,SideInputSpec>>, bagUserStateSpecs Map<String,Map<String,BagUserStateSpec>>, timerSpecs Map<String,Map<String,TimerSpec>>) : ExecutableProcessBundleDescriptor in class org.apache.beam.runners.fnexecution.control.ProcessBundleDescriptors.ExecutableProcessBundleDescriptor",,,,,,
apache/beam,6050,non-refactoring-inducing PR,https://github.com/apache/beam/pull/6050,22a05b55c943bdb0f6558132deb10a1965605ae9,https://github.com/apache/beam/commit/22a05b55c943bdb0f6558132deb10a1965605ae9,True,Change Variable Type,processor : BundleProcessor<byte[]> to processor : BundleProcessor in method public testExecution() : void in class org.apache.beam.runners.fnexecution.control.RemoteExecutionTest,,,,,,
apache/beam,6050,non-refactoring-inducing PR,https://github.com/apache/beam/pull/6050,22a05b55c943bdb0f6558132deb10a1965605ae9,https://github.com/apache/beam/commit/22a05b55c943bdb0f6558132deb10a1965605ae9,True,Change Variable Type,bundle : ActiveBundle<byte[]> to bundle : ActiveBundle in method public testExecution() : void in class org.apache.beam.runners.fnexecution.control.RemoteExecutionTest,,,,,,
apache/beam,6050,non-refactoring-inducing PR,https://github.com/apache/beam/pull/6050,22a05b55c943bdb0f6558132deb10a1965605ae9,https://github.com/apache/beam/commit/22a05b55c943bdb0f6558132deb10a1965605ae9,True,Change Variable Type,processor : BundleProcessor<byte[]> to processor : BundleProcessor in method public testExecutionWithSideInput() : void in class org.apache.beam.runners.fnexecution.control.RemoteExecutionTest,,,,,,
apache/beam,6050,non-refactoring-inducing PR,https://github.com/apache/beam/pull/6050,22a05b55c943bdb0f6558132deb10a1965605ae9,https://github.com/apache/beam/commit/22a05b55c943bdb0f6558132deb10a1965605ae9,True,Change Variable Type,bundle : ActiveBundle<byte[]> to bundle : ActiveBundle in method public testExecutionWithSideInput() : void in class org.apache.beam.runners.fnexecution.control.RemoteExecutionTest,,,,,,
apache/beam,6050,non-refactoring-inducing PR,https://github.com/apache/beam/pull/6050,22a05b55c943bdb0f6558132deb10a1965605ae9,https://github.com/apache/beam/commit/22a05b55c943bdb0f6558132deb10a1965605ae9,True,Change Variable Type,"processor : BundleProcessor<KV<byte[],byte[]>> to processor : BundleProcessor in method public testExecutionWithUserState() : void in class org.apache.beam.runners.fnexecution.control.RemoteExecutionTest",,,,,,
apache/beam,6050,non-refactoring-inducing PR,https://github.com/apache/beam/pull/6050,22a05b55c943bdb0f6558132deb10a1965605ae9,https://github.com/apache/beam/commit/22a05b55c943bdb0f6558132deb10a1965605ae9,True,Change Variable Type,"bundle : ActiveBundle<KV<byte[],byte[]>> to bundle : ActiveBundle in method public testExecutionWithUserState() : void in class org.apache.beam.runners.fnexecution.control.RemoteExecutionTest",,,,,,
apache/beam,6050,non-refactoring-inducing PR,https://github.com/apache/beam/pull/6050,22a05b55c943bdb0f6558132deb10a1965605ae9,https://github.com/apache/beam/commit/22a05b55c943bdb0f6558132deb10a1965605ae9,True,Change Attribute Type,"clientProcessors : ConcurrentHashMap<String,BundleProcessor<?>> to clientProcessors : ConcurrentHashMap<String,BundleProcessor> in class org.apache.beam.runners.fnexecution.control.SdkHarnessClient",,,,,,
apache/beam,6050,non-refactoring-inducing PR,https://github.com/apache/beam/pull/6050,22a05b55c943bdb0f6558132deb10a1965605ae9,https://github.com/apache/beam/commit/22a05b55c943bdb0f6558132deb10a1965605ae9,True,Change Return Type,"BundleProcessor<T> to BundleProcessor in method public getProcessor(descriptor BeamFnApi.ProcessBundleDescriptor, remoteInputDesinations Map<String,RemoteInputDestination<WindowedValue<?>>>) : BundleProcessor in class org.apache.beam.runners.fnexecution.control.SdkHarnessClient",,,,,,
apache/beam,6050,non-refactoring-inducing PR,https://github.com/apache/beam/pull/6050,22a05b55c943bdb0f6558132deb10a1965605ae9,https://github.com/apache/beam/commit/22a05b55c943bdb0f6558132deb10a1965605ae9,True,Rename Parameter,"remoteInputDesination : RemoteInputDestination<WindowedValue<T>> to remoteInputDesinations : Map<String,RemoteInputDestination<WindowedValue<?>>> in method public getProcessor(descriptor BeamFnApi.ProcessBundleDescriptor, remoteInputDesinations Map<String,RemoteInputDestination<WindowedValue<?>>>) : BundleProcessor in class org.apache.beam.runners.fnexecution.control.SdkHarnessClient",,,,,,
apache/beam,6050,non-refactoring-inducing PR,https://github.com/apache/beam/pull/6050,22a05b55c943bdb0f6558132deb10a1965605ae9,https://github.com/apache/beam/commit/22a05b55c943bdb0f6558132deb10a1965605ae9,True,Change Parameter Type,"remoteInputDesination : RemoteInputDestination<WindowedValue<T>> to remoteInputDesinations : Map<String,RemoteInputDestination<WindowedValue<?>>> in method public getProcessor(descriptor BeamFnApi.ProcessBundleDescriptor, remoteInputDesinations Map<String,RemoteInputDestination<WindowedValue<?>>>) : BundleProcessor in class org.apache.beam.runners.fnexecution.control.SdkHarnessClient",,,,,,
apache/beam,6050,non-refactoring-inducing PR,https://github.com/apache/beam/pull/6050,22a05b55c943bdb0f6558132deb10a1965605ae9,https://github.com/apache/beam/commit/22a05b55c943bdb0f6558132deb10a1965605ae9,True,Change Return Type,"BundleProcessor<T> to BundleProcessor in method public getProcessor(descriptor BeamFnApi.ProcessBundleDescriptor, remoteInputDesinations Map<String,RemoteInputDestination<WindowedValue<?>>>, stateDelegator StateDelegator) : BundleProcessor in class org.apache.beam.runners.fnexecution.control.SdkHarnessClient",,,,,,
apache/beam,6050,non-refactoring-inducing PR,https://github.com/apache/beam/pull/6050,22a05b55c943bdb0f6558132deb10a1965605ae9,https://github.com/apache/beam/commit/22a05b55c943bdb0f6558132deb10a1965605ae9,True,Rename Parameter,"remoteInputDesination : RemoteInputDestination<WindowedValue<T>> to remoteInputDesinations : Map<String,RemoteInputDestination<WindowedValue<?>>> in method public getProcessor(descriptor BeamFnApi.ProcessBundleDescriptor, remoteInputDesinations Map<String,RemoteInputDestination<WindowedValue<?>>>, stateDelegator StateDelegator) : BundleProcessor in class org.apache.beam.runners.fnexecution.control.SdkHarnessClient",,,,,,
apache/beam,6050,non-refactoring-inducing PR,https://github.com/apache/beam/pull/6050,22a05b55c943bdb0f6558132deb10a1965605ae9,https://github.com/apache/beam/commit/22a05b55c943bdb0f6558132deb10a1965605ae9,True,Change Parameter Type,"remoteInputDesination : RemoteInputDestination<WindowedValue<T>> to remoteInputDesinations : Map<String,RemoteInputDestination<WindowedValue<?>>> in method public getProcessor(descriptor BeamFnApi.ProcessBundleDescriptor, remoteInputDesinations Map<String,RemoteInputDestination<WindowedValue<?>>>, stateDelegator StateDelegator) : BundleProcessor in class org.apache.beam.runners.fnexecution.control.SdkHarnessClient",,,,,,
apache/beam,6050,non-refactoring-inducing PR,https://github.com/apache/beam/pull/6050,22a05b55c943bdb0f6558132deb10a1965605ae9,https://github.com/apache/beam/commit/22a05b55c943bdb0f6558132deb10a1965605ae9,True,Change Return Type,"BundleProcessor<T> to BundleProcessor in method private create(processBundleDescriptor BeamFnApi.ProcessBundleDescriptor, remoteInputDestinations Map<String,RemoteInputDestination<WindowedValue<?>>>, stateDelegator StateDelegator) : BundleProcessor in class org.apache.beam.runners.fnexecution.control.SdkHarnessClient",,,,,,
apache/beam,6050,non-refactoring-inducing PR,https://github.com/apache/beam/pull/6050,22a05b55c943bdb0f6558132deb10a1965605ae9,https://github.com/apache/beam/commit/22a05b55c943bdb0f6558132deb10a1965605ae9,True,Rename Parameter,"remoteInputDestination : RemoteInputDestination<WindowedValue<T>> to remoteInputDestinations : Map<String,RemoteInputDestination<WindowedValue<?>>> in method private create(processBundleDescriptor BeamFnApi.ProcessBundleDescriptor, remoteInputDestinations Map<String,RemoteInputDestination<WindowedValue<?>>>, stateDelegator StateDelegator) : BundleProcessor in class org.apache.beam.runners.fnexecution.control.SdkHarnessClient",,,,,,
apache/beam,6050,non-refactoring-inducing PR,https://github.com/apache/beam/pull/6050,22a05b55c943bdb0f6558132deb10a1965605ae9,https://github.com/apache/beam/commit/22a05b55c943bdb0f6558132deb10a1965605ae9,True,Change Parameter Type,"remoteInputDestination : RemoteInputDestination<WindowedValue<T>> to remoteInputDestinations : Map<String,RemoteInputDestination<WindowedValue<?>>> in method private create(processBundleDescriptor BeamFnApi.ProcessBundleDescriptor, remoteInputDestinations Map<String,RemoteInputDestination<WindowedValue<?>>>, stateDelegator StateDelegator) : BundleProcessor in class org.apache.beam.runners.fnexecution.control.SdkHarnessClient",,,,,,
apache/beam,6050,non-refactoring-inducing PR,https://github.com/apache/beam/pull/6050,22a05b55c943bdb0f6558132deb10a1965605ae9,https://github.com/apache/beam/commit/22a05b55c943bdb0f6558132deb10a1965605ae9,True,Change Variable Type,"bundleProcessor : BundleProcessor<T> to bundleProcessor : BundleProcessor in method public getProcessor(descriptor BeamFnApi.ProcessBundleDescriptor, remoteInputDesinations Map<String,RemoteInputDestination<WindowedValue<?>>>, stateDelegator StateDelegator) : BundleProcessor in class org.apache.beam.runners.fnexecution.control.SdkHarnessClient",,,,,,
apache/beam,6050,non-refactoring-inducing PR,https://github.com/apache/beam/pull/6050,22a05b55c943bdb0f6558132deb10a1965605ae9,https://github.com/apache/beam/commit/22a05b55c943bdb0f6558132deb10a1965605ae9,True,Change Return Type,"ActiveBundle<T> to ActiveBundle in method public newBundle(outputReceivers Map<BeamFnApi.Target,RemoteOutputReceiver<?>>, progressHandler BundleProgressHandler) : ActiveBundle in class org.apache.beam.runners.fnexecution.control.SdkHarnessClient.BundleProcessor",,,,,,
apache/beam,6050,non-refactoring-inducing PR,https://github.com/apache/beam/pull/6050,22a05b55c943bdb0f6558132deb10a1965605ae9,https://github.com/apache/beam/commit/22a05b55c943bdb0f6558132deb10a1965605ae9,True,Change Return Type,"ActiveBundle<T> to ActiveBundle in method public newBundle(outputReceivers Map<BeamFnApi.Target,RemoteOutputReceiver<?>>, stateRequestHandler StateRequestHandler, progressHandler BundleProgressHandler) : ActiveBundle in class org.apache.beam.runners.fnexecution.control.SdkHarnessClient.BundleProcessor",,,,,,
apache/beam,6050,non-refactoring-inducing PR,https://github.com/apache/beam/pull/6050,22a05b55c943bdb0f6558132deb10a1965605ae9,https://github.com/apache/beam/commit/22a05b55c943bdb0f6558132deb10a1965605ae9,True,Rename Parameter,"remoteInput : RemoteInputDestination<WindowedValue<T>> to remoteInputs : Map<String,RemoteInputDestination<WindowedValue<?>>> in method private BundleProcessor(processBundleDescriptor ProcessBundleDescriptor, registrationFuture CompletionStage<RegisterResponse>, remoteInputs Map<String,RemoteInputDestination<WindowedValue<?>>>, stateDelegator StateDelegator) in class org.apache.beam.runners.fnexecution.control.SdkHarnessClient.BundleProcessor",,,,,,
apache/beam,6050,non-refactoring-inducing PR,https://github.com/apache/beam/pull/6050,22a05b55c943bdb0f6558132deb10a1965605ae9,https://github.com/apache/beam/commit/22a05b55c943bdb0f6558132deb10a1965605ae9,True,Change Parameter Type,"remoteInput : RemoteInputDestination<WindowedValue<T>> to remoteInputs : Map<String,RemoteInputDestination<WindowedValue<?>>> in method private BundleProcessor(processBundleDescriptor ProcessBundleDescriptor, registrationFuture CompletionStage<RegisterResponse>, remoteInputs Map<String,RemoteInputDestination<WindowedValue<?>>>, stateDelegator StateDelegator) in class org.apache.beam.runners.fnexecution.control.SdkHarnessClient.BundleProcessor",,,,,,
apache/beam,6050,non-refactoring-inducing PR,https://github.com/apache/beam/pull/6050,22a05b55c943bdb0f6558132deb10a1965605ae9,https://github.com/apache/beam/commit/22a05b55c943bdb0f6558132deb10a1965605ae9,True,Rename Attribute,"remoteInput : RemoteInputDestination<WindowedValue<T>> to remoteInputs : Map<String,RemoteInputDestination<WindowedValue<?>>> in class org.apache.beam.runners.fnexecution.control.SdkHarnessClient.BundleProcessor",,,,,,
apache/beam,6050,non-refactoring-inducing PR,https://github.com/apache/beam/pull/6050,22a05b55c943bdb0f6558132deb10a1965605ae9,https://github.com/apache/beam/commit/22a05b55c943bdb0f6558132deb10a1965605ae9,True,Change Attribute Type,"remoteInput : RemoteInputDestination<WindowedValue<T>> to remoteInputs : Map<String,RemoteInputDestination<WindowedValue<?>>> in class org.apache.beam.runners.fnexecution.control.SdkHarnessClient.BundleProcessor",,,,,,
apache/beam,6050,non-refactoring-inducing PR,https://github.com/apache/beam/pull/6050,22a05b55c943bdb0f6558132deb10a1965605ae9,https://github.com/apache/beam/commit/22a05b55c943bdb0f6558132deb10a1965605ae9,True,Change Parameter Type,"stateRegistration : Registration to stateRegistration : StateDelegator.Registration in method private ActiveBundle(bundleId String, response CompletionStage<ProcessBundleResponse>, inputReceivers Map<String,CloseableFnDataReceiver<WindowedValue<?>>>, outputClients Map<Target,InboundDataClient>, stateRegistration StateDelegator.Registration, progressHandler BundleProgressHandler) in class org.apache.beam.runners.fnexecution.control.SdkHarnessClient.ActiveBundle",,,,,,
apache/beam,6050,non-refactoring-inducing PR,https://github.com/apache/beam/pull/6050,22a05b55c943bdb0f6558132deb10a1965605ae9,https://github.com/apache/beam/commit/22a05b55c943bdb0f6558132deb10a1965605ae9,True,Change Return Type,"FnDataReceiver<WindowedValue<InputT>> to Map<String,FnDataReceiver<WindowedValue<?>>> in method public getInputReceivers() : Map<String,FnDataReceiver<WindowedValue<?>>> in class org.apache.beam.runners.fnexecution.control.SdkHarnessClient.ActiveBundle",,,,,,
apache/beam,6050,non-refactoring-inducing PR,https://github.com/apache/beam/pull/6050,22a05b55c943bdb0f6558132deb10a1965605ae9,https://github.com/apache/beam/commit/22a05b55c943bdb0f6558132deb10a1965605ae9,True,Rename Method,"public getInputReceiver() : FnDataReceiver<WindowedValue<InputT>> renamed to public getInputReceivers() : Map<String,FnDataReceiver<WindowedValue<?>>> in class org.apache.beam.runners.fnexecution.control.SdkHarnessClient.ActiveBundle",,,,,,
apache/beam,6050,non-refactoring-inducing PR,https://github.com/apache/beam/pull/6050,22a05b55c943bdb0f6558132deb10a1965605ae9,https://github.com/apache/beam/commit/22a05b55c943bdb0f6558132deb10a1965605ae9,True,Change Parameter Type,"inputReceiver : CloseableFnDataReceiver<WindowedValue<InputT>> to inputReceivers : Map<String,CloseableFnDataReceiver<WindowedValue<?>>> in method private ActiveBundle(bundleId String, response CompletionStage<ProcessBundleResponse>, inputReceivers Map<String,CloseableFnDataReceiver<WindowedValue<?>>>, outputClients Map<Target,InboundDataClient>, stateRegistration StateDelegator.Registration, progressHandler BundleProgressHandler) in class org.apache.beam.runners.fnexecution.control.SdkHarnessClient.ActiveBundle",,,,,,
apache/beam,6050,non-refactoring-inducing PR,https://github.com/apache/beam/pull/6050,22a05b55c943bdb0f6558132deb10a1965605ae9,https://github.com/apache/beam/commit/22a05b55c943bdb0f6558132deb10a1965605ae9,True,Rename Parameter,"inputReceiver : CloseableFnDataReceiver<WindowedValue<InputT>> to inputReceivers : Map<String,CloseableFnDataReceiver<WindowedValue<?>>> in method private ActiveBundle(bundleId String, response CompletionStage<ProcessBundleResponse>, inputReceivers Map<String,CloseableFnDataReceiver<WindowedValue<?>>>, outputClients Map<Target,InboundDataClient>, stateRegistration StateDelegator.Registration, progressHandler BundleProgressHandler) in class org.apache.beam.runners.fnexecution.control.SdkHarnessClient.ActiveBundle",,,,,,
apache/beam,6050,non-refactoring-inducing PR,https://github.com/apache/beam/pull/6050,22a05b55c943bdb0f6558132deb10a1965605ae9,https://github.com/apache/beam/commit/22a05b55c943bdb0f6558132deb10a1965605ae9,True,Rename Attribute,"inputReceiver : CloseableFnDataReceiver<WindowedValue<InputT>> to inputReceivers : Map<String,CloseableFnDataReceiver<WindowedValue<?>>> in class org.apache.beam.runners.fnexecution.control.SdkHarnessClient.ActiveBundle",,,,,,
apache/beam,6050,non-refactoring-inducing PR,https://github.com/apache/beam/pull/6050,22a05b55c943bdb0f6558132deb10a1965605ae9,https://github.com/apache/beam/commit/22a05b55c943bdb0f6558132deb10a1965605ae9,True,Change Attribute Type,"inputReceiver : CloseableFnDataReceiver<WindowedValue<InputT>> to inputReceivers : Map<String,CloseableFnDataReceiver<WindowedValue<?>>> in class org.apache.beam.runners.fnexecution.control.SdkHarnessClient.ActiveBundle",,,,,,
apache/beam,6050,non-refactoring-inducing PR,https://github.com/apache/beam/pull/6050,22a05b55c943bdb0f6558132deb10a1965605ae9,https://github.com/apache/beam/commit/22a05b55c943bdb0f6558132deb10a1965605ae9,True,Change Return Type,StageBundleFactory<T> to StageBundleFactory in method public forStage(executableStage ExecutableStage) : StageBundleFactory in class org.apache.beam.runners.fnexecution.control.SingleEnvironmentInstanceJobBundleFactory,,,,,,
apache/beam,6050,non-refactoring-inducing PR,https://github.com/apache/beam/pull/6050,22a05b55c943bdb0f6558132deb10a1965605ae9,https://github.com/apache/beam/commit/22a05b55c943bdb0f6558132deb10a1965605ae9,True,Change Return Type,StageBundleFactory<T> to StageBundleFactory in method private createBundleFactory(stage ExecutableStage) : StageBundleFactory in class org.apache.beam.runners.fnexecution.control.SingleEnvironmentInstanceJobBundleFactory,,,,,,
apache/beam,6050,non-refactoring-inducing PR,https://github.com/apache/beam/pull/6050,22a05b55c943bdb0f6558132deb10a1965605ae9,https://github.com/apache/beam/commit/22a05b55c943bdb0f6558132deb10a1965605ae9,True,Change Attribute Type,"stageBundleFactories : ConcurrentMap<ExecutableStage,StageBundleFactory<?>> to stageBundleFactories : ConcurrentMap<ExecutableStage,StageBundleFactory> in class org.apache.beam.runners.fnexecution.control.SingleEnvironmentInstanceJobBundleFactory",,,,,,
apache/beam,6050,non-refactoring-inducing PR,https://github.com/apache/beam/pull/6050,22a05b55c943bdb0f6558132deb10a1965605ae9,https://github.com/apache/beam/commit/22a05b55c943bdb0f6558132deb10a1965605ae9,True,Change Return Type,"RemoteBundle<T> to RemoteBundle in method public getBundle(outputReceiverFactory OutputReceiverFactory, stateRequestHandler StateRequestHandler, progressHandler BundleProgressHandler) : RemoteBundle in class org.apache.beam.runners.fnexecution.control.SingleEnvironmentInstanceJobBundleFactory.BundleProcessorStageBundleFactory",,,,,,
apache/beam,6050,non-refactoring-inducing PR,https://github.com/apache/beam/pull/6050,22a05b55c943bdb0f6558132deb10a1965605ae9,https://github.com/apache/beam/commit/22a05b55c943bdb0f6558132deb10a1965605ae9,True,Change Attribute Type,processor : SdkHarnessClient.BundleProcessor<T> to processor : SdkHarnessClient.BundleProcessor in class org.apache.beam.runners.fnexecution.control.SingleEnvironmentInstanceJobBundleFactory.BundleProcessorStageBundleFactory,,,,,,
apache/beam,6050,non-refactoring-inducing PR,https://github.com/apache/beam/pull/6050,22a05b55c943bdb0f6558132deb10a1965605ae9,https://github.com/apache/beam/commit/22a05b55c943bdb0f6558132deb10a1965605ae9,True,Change Parameter Type,"processor : SdkHarnessClient.BundleProcessor<T> to processor : SdkHarnessClient.BundleProcessor in method private BundleProcessorStageBundleFactory(descriptor ExecutableProcessBundleDescriptor, processor SdkHarnessClient.BundleProcessor) in class org.apache.beam.runners.fnexecution.control.SingleEnvironmentInstanceJobBundleFactory.BundleProcessorStageBundleFactory",,,,,,
apache/beam,6050,non-refactoring-inducing PR,https://github.com/apache/beam/pull/6050,22a05b55c943bdb0f6558132deb10a1965605ae9,https://github.com/apache/beam/commit/22a05b55c943bdb0f6558132deb10a1965605ae9,True,Rename Method,"private getMainInputId(ptransform RunnerApi.PTransformOrBuilder, payload RunnerApi.ParDoPayload) : String renamed to private getMainInputName(ptransform RunnerApi.PTransformOrBuilder, payload RunnerApi.ParDoPayload) : String in class org.apache.beam.runners.core.construction.ParDoTranslation",,,,,,
apache/beam,6050,non-refactoring-inducing PR,https://github.com/apache/beam/pull/6050,22a05b55c943bdb0f6558132deb10a1965605ae9,https://github.com/apache/beam/commit/22a05b55c943bdb0f6558132deb10a1965605ae9,True,Rename Variable,"mainInputId : String to mainInputName : String in method public translate(appliedPTransform AppliedPTransform<?,?,?>, subtransforms List<AppliedPTransform<?,?,?>>, components SdkComponents) : RunnerApi.PTransform in class org.apache.beam.runners.core.construction.ParDoTranslation.ParDoTranslator",,,,,,
apache/beam,6050,non-refactoring-inducing PR,https://github.com/apache/beam/pull/6050,22a05b55c943bdb0f6558132deb10a1965605ae9,https://github.com/apache/beam/commit/22a05b55c943bdb0f6558132deb10a1965605ae9,True,Change Variable Type,processor1 : BundleProcessor<?> to processor1 : BundleProcessor in method public testRegisterCachesBundleProcessors() : void in class org.apache.beam.runners.fnexecution.control.SdkHarnessClientTest,,,,,,
apache/beam,6050,non-refactoring-inducing PR,https://github.com/apache/beam/pull/6050,22a05b55c943bdb0f6558132deb10a1965605ae9,https://github.com/apache/beam/commit/22a05b55c943bdb0f6558132deb10a1965605ae9,True,Change Variable Type,processor2 : BundleProcessor<?> to processor2 : BundleProcessor in method public testRegisterCachesBundleProcessors() : void in class org.apache.beam.runners.fnexecution.control.SdkHarnessClientTest,,,,,,
apache/beam,6050,non-refactoring-inducing PR,https://github.com/apache/beam/pull/6050,22a05b55c943bdb0f6558132deb10a1965605ae9,https://github.com/apache/beam/commit/22a05b55c943bdb0f6558132deb10a1965605ae9,True,Change Variable Type,processor : BundleProcessor<String> to processor : BundleProcessor in method public testNewBundleNoDataDoesNotCrash() : void in class org.apache.beam.runners.fnexecution.control.SdkHarnessClientTest,,,,,,
apache/beam,6050,non-refactoring-inducing PR,https://github.com/apache/beam/pull/6050,22a05b55c943bdb0f6558132deb10a1965605ae9,https://github.com/apache/beam/commit/22a05b55c943bdb0f6558132deb10a1965605ae9,True,Change Variable Type,activeBundle : ActiveBundle<String> to activeBundle : ActiveBundle in method public testNewBundleNoDataDoesNotCrash() : void in class org.apache.beam.runners.fnexecution.control.SdkHarnessClientTest,,,,,,
apache/beam,6050,non-refactoring-inducing PR,https://github.com/apache/beam/pull/6050,22a05b55c943bdb0f6558132deb10a1965605ae9,https://github.com/apache/beam/commit/22a05b55c943bdb0f6558132deb10a1965605ae9,True,Change Variable Type,processor : BundleProcessor<String> to processor : BundleProcessor in method public testNewBundleAndProcessElements() : void in class org.apache.beam.runners.fnexecution.control.SdkHarnessClientTest,,,,,,
apache/beam,6050,non-refactoring-inducing PR,https://github.com/apache/beam/pull/6050,22a05b55c943bdb0f6558132deb10a1965605ae9,https://github.com/apache/beam/commit/22a05b55c943bdb0f6558132deb10a1965605ae9,True,Change Variable Type,activeBundle : ActiveBundle<String> to activeBundle : ActiveBundle in method public testNewBundleAndProcessElements() : void in class org.apache.beam.runners.fnexecution.control.SdkHarnessClientTest,,,,,,
apache/beam,6050,non-refactoring-inducing PR,https://github.com/apache/beam/pull/6050,22a05b55c943bdb0f6558132deb10a1965605ae9,https://github.com/apache/beam/commit/22a05b55c943bdb0f6558132deb10a1965605ae9,True,Change Variable Type,processor : BundleProcessor<String> to processor : BundleProcessor in method public handleCleanupWhenInputSenderFails() : void in class org.apache.beam.runners.fnexecution.control.SdkHarnessClientTest,,,,,,
apache/beam,6050,non-refactoring-inducing PR,https://github.com/apache/beam/pull/6050,22a05b55c943bdb0f6558132deb10a1965605ae9,https://github.com/apache/beam/commit/22a05b55c943bdb0f6558132deb10a1965605ae9,True,Change Variable Type,activeBundle : ActiveBundle<String> to activeBundle : ActiveBundle in method public handleCleanupWhenInputSenderFails() : void in class org.apache.beam.runners.fnexecution.control.SdkHarnessClientTest,,,,,,
apache/beam,6050,non-refactoring-inducing PR,https://github.com/apache/beam/pull/6050,22a05b55c943bdb0f6558132deb10a1965605ae9,https://github.com/apache/beam/commit/22a05b55c943bdb0f6558132deb10a1965605ae9,True,Change Variable Type,processor : BundleProcessor<String> to processor : BundleProcessor in method public handleCleanupWithStateWhenInputSenderFails() : void in class org.apache.beam.runners.fnexecution.control.SdkHarnessClientTest,,,,,,
apache/beam,6050,non-refactoring-inducing PR,https://github.com/apache/beam/pull/6050,22a05b55c943bdb0f6558132deb10a1965605ae9,https://github.com/apache/beam/commit/22a05b55c943bdb0f6558132deb10a1965605ae9,True,Change Variable Type,activeBundle : ActiveBundle<String> to activeBundle : ActiveBundle in method public handleCleanupWithStateWhenInputSenderFails() : void in class org.apache.beam.runners.fnexecution.control.SdkHarnessClientTest,,,,,,
apache/beam,6050,non-refactoring-inducing PR,https://github.com/apache/beam/pull/6050,22a05b55c943bdb0f6558132deb10a1965605ae9,https://github.com/apache/beam/commit/22a05b55c943bdb0f6558132deb10a1965605ae9,True,Change Variable Type,processor : BundleProcessor<String> to processor : BundleProcessor in method public handleCleanupWhenProcessingBundleFails() : void in class org.apache.beam.runners.fnexecution.control.SdkHarnessClientTest,,,,,,
apache/beam,6050,non-refactoring-inducing PR,https://github.com/apache/beam/pull/6050,22a05b55c943bdb0f6558132deb10a1965605ae9,https://github.com/apache/beam/commit/22a05b55c943bdb0f6558132deb10a1965605ae9,True,Change Variable Type,activeBundle : ActiveBundle<String> to activeBundle : ActiveBundle in method public handleCleanupWhenProcessingBundleFails() : void in class org.apache.beam.runners.fnexecution.control.SdkHarnessClientTest,,,,,,
apache/beam,6050,non-refactoring-inducing PR,https://github.com/apache/beam/pull/6050,22a05b55c943bdb0f6558132deb10a1965605ae9,https://github.com/apache/beam/commit/22a05b55c943bdb0f6558132deb10a1965605ae9,True,Change Variable Type,processor : BundleProcessor<String> to processor : BundleProcessor in method public handleCleanupWithStateWhenProcessingBundleFails() : void in class org.apache.beam.runners.fnexecution.control.SdkHarnessClientTest,,,,,,
apache/beam,6050,non-refactoring-inducing PR,https://github.com/apache/beam/pull/6050,22a05b55c943bdb0f6558132deb10a1965605ae9,https://github.com/apache/beam/commit/22a05b55c943bdb0f6558132deb10a1965605ae9,True,Change Variable Type,activeBundle : ActiveBundle<String> to activeBundle : ActiveBundle in method public handleCleanupWithStateWhenProcessingBundleFails() : void in class org.apache.beam.runners.fnexecution.control.SdkHarnessClientTest,,,,,,
apache/beam,6050,non-refactoring-inducing PR,https://github.com/apache/beam/pull/6050,22a05b55c943bdb0f6558132deb10a1965605ae9,https://github.com/apache/beam/commit/22a05b55c943bdb0f6558132deb10a1965605ae9,True,Change Variable Type,processor : BundleProcessor<String> to processor : BundleProcessor in method public handleCleanupWhenAwaitingOnClosingOutputReceivers() : void in class org.apache.beam.runners.fnexecution.control.SdkHarnessClientTest,,,,,,
apache/beam,6050,non-refactoring-inducing PR,https://github.com/apache/beam/pull/6050,22a05b55c943bdb0f6558132deb10a1965605ae9,https://github.com/apache/beam/commit/22a05b55c943bdb0f6558132deb10a1965605ae9,True,Change Variable Type,activeBundle : ActiveBundle<String> to activeBundle : ActiveBundle in method public handleCleanupWhenAwaitingOnClosingOutputReceivers() : void in class org.apache.beam.runners.fnexecution.control.SdkHarnessClientTest,,,,,,
apache/beam,6050,non-refactoring-inducing PR,https://github.com/apache/beam/pull/6050,22a05b55c943bdb0f6558132deb10a1965605ae9,https://github.com/apache/beam/commit/22a05b55c943bdb0f6558132deb10a1965605ae9,True,Change Variable Type,processor : BundleProcessor<String> to processor : BundleProcessor in method public handleCleanupWithStateWhenAwaitingOnClosingOutputReceivers() : void in class org.apache.beam.runners.fnexecution.control.SdkHarnessClientTest,,,,,,
apache/beam,6050,non-refactoring-inducing PR,https://github.com/apache/beam/pull/6050,22a05b55c943bdb0f6558132deb10a1965605ae9,https://github.com/apache/beam/commit/22a05b55c943bdb0f6558132deb10a1965605ae9,True,Change Variable Type,activeBundle : ActiveBundle<String> to activeBundle : ActiveBundle in method public handleCleanupWithStateWhenAwaitingOnClosingOutputReceivers() : void in class org.apache.beam.runners.fnexecution.control.SdkHarnessClientTest,,,,,,
apache/beam,6050,non-refactoring-inducing PR,https://github.com/apache/beam/pull/6050,22a05b55c943bdb0f6558132deb10a1965605ae9,https://github.com/apache/beam/commit/22a05b55c943bdb0f6558132deb10a1965605ae9,True,Change Variable Type,bf1 : StageBundleFactory<?> to bf1 : StageBundleFactory in method public cachesEnvironment() : void in class org.apache.beam.runners.fnexecution.control.DockerJobBundleFactoryTest,,,,,,
apache/beam,6050,non-refactoring-inducing PR,https://github.com/apache/beam/pull/6050,22a05b55c943bdb0f6558132deb10a1965605ae9,https://github.com/apache/beam/commit/22a05b55c943bdb0f6558132deb10a1965605ae9,True,Change Variable Type,bf2 : StageBundleFactory<?> to bf2 : StageBundleFactory in method public cachesEnvironment() : void in class org.apache.beam.runners.fnexecution.control.DockerJobBundleFactoryTest,,,,,,
apache/beam,6050,non-refactoring-inducing PR,https://github.com/apache/beam/pull/6050,22a05b55c943bdb0f6558132deb10a1965605ae9,https://github.com/apache/beam/commit/22a05b55c943bdb0f6558132deb10a1965605ae9,True,Change Return Type,StageBundleFactory<InputT> to StageBundleFactory in method public getStageBundleFactory(executableStage ExecutableStage) : StageBundleFactory in class org.apache.beam.runners.flink.translation.functions.FlinkExecutableStageContext,,,,,,
apache/beam,6050,non-refactoring-inducing PR,https://github.com/apache/beam/pull/6050,22a05b55c943bdb0f6558132deb10a1965605ae9,https://github.com/apache/beam/commit/22a05b55c943bdb0f6558132deb10a1965605ae9,True,Rename Method,"public getInputReceiver() : FnDataReceiver<WindowedValue<InputT>> renamed to public getInputReceivers() : Map<String,FnDataReceiver<WindowedValue<?>>> in class org.apache.beam.runners.fnexecution.control.RemoteBundle",,,,,,
apache/beam,6050,non-refactoring-inducing PR,https://github.com/apache/beam/pull/6050,22a05b55c943bdb0f6558132deb10a1965605ae9,https://github.com/apache/beam/commit/22a05b55c943bdb0f6558132deb10a1965605ae9,True,Change Return Type,"FnDataReceiver<WindowedValue<InputT>> to Map<String,FnDataReceiver<WindowedValue<?>>> in method public getInputReceivers() : Map<String,FnDataReceiver<WindowedValue<?>>> in class org.apache.beam.runners.fnexecution.control.RemoteBundle",,,,,,
apache/beam,6050,non-refactoring-inducing PR,https://github.com/apache/beam/pull/6050,7e2322d638f8390484df82549ce57f6eb1774f81,https://github.com/apache/beam/commit/7e2322d638f8390484df82549ce57f6eb1774f81,False,,,,,,,,
apache/kafka,7132,non-refactoring-inducing PR,https://github.com/apache/kafka/pull/7132,b2bb961f1c1d258673685a6a3b14e00ef7bd72cb,https://github.com/apache/kafka/commit/b2bb961f1c1d258673685a6a3b14e00ef7bd72cb,True,,,,,,,,Corrective changes (fixing faults)
apache/kafka,7132,non-refactoring-inducing PR,https://github.com/apache/kafka/pull/7132,23303c20f3c74afb97767c5941d2ffffcee450cd,https://github.com/apache/kafka/commit/23303c20f3c74afb97767c5941d2ffffcee450cd,False,,,true,true,true,true,false,A review comment questioning a method call inspired such a refactoring
apache/beam,7696,non-refactoring-inducing PR,https://github.com/apache/beam/pull/7696,b0b93db1cd3c47e706d7c03212f6ed8f96d1815e,https://github.com/apache/beam/commit/b0b93db1cd3c47e706d7c03212f6ed8f96d1815e,True,,,,,,,,Adaptive changes (adding a new feature) 
apache/beam,7696,non-refactoring-inducing PR,https://github.com/apache/beam/pull/7696,b1c6fb704915cd9619b264fd7ac4f442fad99c5f,https://github.com/apache/beam/commit/b1c6fb704915cd9619b264fd7ac4f442fad99c5f,False,,,,,,,,
apache/dubbo,3185,non-refactoring-inducing PR,https://github.com/apache/dubbo/pull/3185,26b07ca67743362bcd11234fa4cccacbed7fd028,https://github.com/apache/dubbo/commit/26b07ca67743362bcd11234fa4cccacbed7fd028,True,,,,,,,,Perfective changes (pre-checking)
apache/dubbo,3185,non-refactoring-inducing PR,https://github.com/apache/dubbo/pull/3185,525fde91efd34881591efd0182cd6205e031da98,https://github.com/apache/dubbo/commit/525fde91efd34881591efd0182cd6205e031da98,False,,,true,true,false,true,false,False negative (Inline Method) | A review comment directy suggested such a refactoring 
apache/flink,9451,non-refactoring-inducing PR,https://github.com/apache/flink/pull/9451,bd722d918abd3524d9f13c28af480bb61d4e8ed0,https://github.com/apache/flink/commit/bd722d918abd3524d9f13c28af480bb61d4e8ed0,True,,,,,,,,Corrective changes (fixing faults)
apache/flink,9451,non-refactoring-inducing PR,https://github.com/apache/flink/pull/9451,503fc3f8bc8c3fadcc19679a67a6be2d102071b9,https://github.com/apache/flink/commit/503fc3f8bc8c3fadcc19679a67a6be2d102071b9,False,,,,,,,,
